,Unnamed: 0,specimen_collection_date,case_disposition,transmission_category,case_count,last_updated_at
0,0,2020-03-03T00:00:00.000,Confirmed,Community,2,2020-09-19T14:20:05.213
1,1,2020-03-05T00:00:00.000,Confirmed,From Contact,5,2020-09-19T14:20:05.213
2,2,2020-03-05T00:00:00.000,Confirmed,Community,1,2020-09-19T14:20:05.213
3,3,2020-03-07T00:00:00.000,Confirmed,From Contact,5,2020-09-19T14:20:05.213
4,4,2020-03-08T00:00:00.000,Confirmed,From Contact,1,2020-09-19T14:20:05.213
5,5,2020-03-10T00:00:00.000,Confirmed,From Contact,2,2020-09-19T14:20:05.213
6,6,2020-03-10T00:00:00.000,Confirmed,Community,4,2020-09-19T14:20:05.213
7,7,2020-03-11T00:00:00.000,Confirmed,From Contact,4,2020-09-19T14:20:05.213
8,8,2020-03-11T00:00:00.000,Confirmed,Community,5,2020-09-19T14:20:05.213
9,9,2020-03-12T00:00:00.000,Confirmed,Community,6,2020-09-19T14:20:05.213
10,10,2020-03-13T00:00:00.000,Confirmed,From Contact,3,2020-09-19T14:20:05.213
11,11,2020-03-13T00:00:00.000,Confirmed,Community,12,2020-09-19T14:20:05.213
12,12,2020-03-14T00:00:00.000,Confirmed,Community,10,2020-09-19T14:20:05.213
13,13,2020-03-15T00:00:00.000,Confirmed,Unknown,1,2020-09-19T14:20:05.213
14,14,2020-03-15T00:00:00.000,Confirmed,Community,9,2020-09-19T14:20:05.213
15,15,2020-03-15T00:00:00.000,Confirmed,From Contact,1,2020-09-19T14:20:05.213
16,16,2020-03-16T00:00:00.000,Confirmed,From Contact,9,2020-09-19T14:20:05.213
17,17,2020-03-16T00:00:00.000,Confirmed,Community,31,2020-09-19T14:20:05.213
18,18,2020-03-16T00:00:00.000,Confirmed,Unknown,1,2020-09-19T14:20:05.213
19,19,2020-03-17T00:00:00.000,Death,From Contact,1,2020-09-19T14:20:05.213
20,20,2020-03-17T00:00:00.000,Confirmed,Unknown,2,2020-09-19T14:20:05.213
21,21,2020-03-17T00:00:00.000,Confirmed,Community,19,2020-09-19T14:20:05.213
22,22,2020-03-17T00:00:00.000,Confirmed,From Contact,5,2020-09-19T14:20:05.213
23,23,2020-03-18T00:00:00.000,Confirmed,From Contact,6,2020-09-19T14:20:05.213
24,24,2020-03-18T00:00:00.000,Confirmed,Community,14,2020-09-19T14:20:05.213
25,25,2020-03-18T00:00:00.000,Confirmed,Unknown,1,2020-09-19T14:20:05.213
26,26,2020-03-19T00:00:00.000,Confirmed,Community,16,2020-09-19T14:20:05.213
27,27,2020-03-19T00:00:00.000,Confirmed,From Contact,3,2020-09-19T14:20:05.213
28,28,2020-03-20T00:00:00.000,Confirmed,Unknown,1,2020-09-19T14:20:05.213
29,29,2020-03-20T00:00:00.000,Confirmed,From Contact,5,2020-09-19T14:20:05.213
30,30,2020-03-20T00:00:00.000,Confirmed,Community,30,2020-09-19T14:20:05.213
31,31,2020-03-21T00:00:00.000,Confirmed,From Contact,2,2020-09-19T14:20:05.213
32,32,2020-03-21T00:00:00.000,Confirmed,Community,15,2020-09-19T14:20:05.213
33,33,2020-03-22T00:00:00.000,Confirmed,Community,21,2020-09-19T14:20:05.213
34,34,2020-03-22T00:00:00.000,Confirmed,From Contact,3,2020-09-19T14:20:05.213
35,35,2020-03-23T00:00:00.000,Confirmed,Unknown,3,2020-09-19T14:20:05.213
36,36,2020-03-23T00:00:00.000,Confirmed,From Contact,4,2020-09-19T14:20:05.213
37,37,2020-03-23T00:00:00.000,Confirmed,Community,26,2020-09-19T14:20:05.213
38,38,2020-03-24T00:00:00.000,Confirmed,Community,32,2020-09-19T14:20:05.213
39,39,2020-03-24T00:00:00.000,Confirmed,From Contact,7,2020-09-19T14:20:05.213
40,40,2020-03-24T00:00:00.000,Death,Community,1,2020-09-19T14:20:05.213
41,41,2020-03-24T00:00:00.000,Confirmed,Unknown,2,2020-09-19T14:20:05.213
42,42,2020-03-25T00:00:00.000,Confirmed,From Contact,4,2020-09-19T14:20:05.213
43,43,2020-03-25T00:00:00.000,Confirmed,Community,34,2020-09-19T14:20:05.213
44,44,2020-03-25T00:00:00.000,Confirmed,Unknown,5,2020-09-19T14:20:05.213
45,45,2020-03-26T00:00:00.000,Confirmed,From Contact,6,2020-09-19T14:20:05.213
46,46,2020-03-26T00:00:00.000,Confirmed,Unknown,6,2020-09-19T14:20:05.213
47,47,2020-03-26T00:00:00.000,Death,From Contact,1,2020-09-19T14:20:05.213
48,48,2020-03-26T00:00:00.000,Death,Community,2,2020-09-19T14:20:05.213
49,49,2020-03-26T00:00:00.000,Confirmed,Community,29,2020-09-19T14:20:05.213
50,50,2020-03-27T00:00:00.000,Death,From Contact,1,2020-09-19T14:20:05.213
51,51,2020-03-27T00:00:00.000,Confirmed,Community,25,2020-09-19T14:20:05.213
52,52,2020-03-27T00:00:00.000,Death,Community,1,2020-09-19T14:20:05.213
53,53,2020-03-27T00:00:00.000,Confirmed,From Contact,4,2020-09-19T14:20:05.213
54,54,2020-03-27T00:00:00.000,Confirmed,Unknown,3,2020-09-19T14:20:05.213
55,55,2020-03-28T00:00:00.000,Confirmed,Community,13,2020-09-19T14:20:05.213
56,56,2020-03-28T00:00:00.000,Confirmed,From Contact,4,2020-09-19T14:20:05.213
57,57,2020-03-29T00:00:00.000,Confirmed,From Contact,1,2020-09-19T14:20:05.213
58,58,2020-03-29T00:00:00.000,Confirmed,Unknown,1,2020-09-19T14:20:05.213
59,59,2020-03-29T00:00:00.000,Confirmed,Community,11,2020-09-19T14:20:05.213
60,60,2020-03-30T00:00:00.000,Confirmed,Unknown,3,2020-09-19T14:20:05.213
61,61,2020-03-30T00:00:00.000,Death,Community,1,2020-09-19T14:20:05.213
62,62,2020-03-30T00:00:00.000,Confirmed,From Contact,12,2020-09-19T14:20:05.213
63,63,2020-03-30T00:00:00.000,Confirmed,Community,27,2020-09-19T14:20:05.213
64,64,2020-03-31T00:00:00.000,Confirmed,Community,29,2020-09-19T14:20:05.213
65,65,2020-03-31T00:00:00.000,Confirmed,From Contact,14,2020-09-19T14:20:05.213
66,66,2020-03-31T00:00:00.000,Confirmed,Unknown,12,2020-09-19T14:20:05.213
67,67,2020-03-31T00:00:00.000,Death,Community,1,2020-09-19T14:20:05.213
68,68,2020-04-01T00:00:00.000,Confirmed,From Contact,14,2020-09-19T14:20:05.213
69,69,2020-04-01T00:00:00.000,Death,From Contact,1,2020-09-19T14:20:05.213
70,70,2020-04-01T00:00:00.000,Death,Community,2,2020-09-19T14:20:05.213
71,71,2020-04-01T00:00:00.000,Confirmed,Community,18,2020-09-19T14:20:05.213
72,72,2020-04-01T00:00:00.000,Confirmed,Unknown,7,2020-09-19T14:20:05.213
73,73,2020-04-02T00:00:00.000,Confirmed,From Contact,11,2020-09-19T14:20:05.213
74,74,2020-04-02T00:00:00.000,Confirmed,Community,18,2020-09-19T14:20:05.213
75,75,2020-04-02T00:00:00.000,Confirmed,Unknown,4,2020-09-19T14:20:05.213
76,76,2020-04-03T00:00:00.000,Confirmed,From Contact,11,2020-09-19T14:20:05.213
77,77,2020-04-03T00:00:00.000,Confirmed,Unknown,3,2020-09-19T14:20:05.213
78,78,2020-04-03T00:00:00.000,Confirmed,Community,13,2020-09-19T14:20:05.213
79,79,2020-04-04T00:00:00.000,Confirmed,Community,7,2020-09-19T14:20:05.213
80,80,2020-04-04T00:00:00.000,Confirmed,From Contact,8,2020-09-19T14:20:05.213
81,81,2020-04-05T00:00:00.000,Confirmed,Unknown,4,2020-09-19T14:20:05.213
82,82,2020-04-05T00:00:00.000,Confirmed,Community,24,2020-09-19T14:20:05.213
83,83,2020-04-05T00:00:00.000,Death,Community,1,2020-09-19T14:20:05.213
84,84,2020-04-05T00:00:00.000,Confirmed,From Contact,7,2020-09-19T14:20:05.213
85,85,2020-04-06T00:00:00.000,Confirmed,Community,26,2020-09-19T14:20:05.213
86,86,2020-04-06T00:00:00.000,Death,From Contact,1,2020-09-19T14:20:05.213
87,87,2020-04-06T00:00:00.000,Confirmed,From Contact,18,2020-09-19T14:20:05.213
88,88,2020-04-06T00:00:00.000,Confirmed,Unknown,8,2020-09-19T14:20:05.213
89,89,2020-04-07T00:00:00.000,Death,Community,1,2020-09-19T14:20:05.213
90,90,2020-04-07T00:00:00.000,Confirmed,From Contact,26,2020-09-19T14:20:05.213
91,91,2020-04-07T00:00:00.000,Confirmed,Unknown,7,2020-09-19T14:20:05.213
92,92,2020-04-07T00:00:00.000,Confirmed,Community,24,2020-09-19T14:20:05.213
93,93,2020-04-08T00:00:00.000,Confirmed,Unknown,2,2020-09-19T14:20:05.213
94,94,2020-04-08T00:00:00.000,Confirmed,From Contact,20,2020-09-19T14:20:05.213
95,95,2020-04-08T00:00:00.000,Confirmed,Community,44,2020-09-19T14:20:05.213
96,96,2020-04-08T00:00:00.000,Death,From Contact,1,2020-09-19T14:20:05.213
97,97,2020-04-09T00:00:00.000,Confirmed,From Contact,17,2020-09-19T14:20:05.213
98,98,2020-04-09T00:00:00.000,Confirmed,Community,58,2020-09-19T14:20:05.213
99,99,2020-04-09T00:00:00.000,Confirmed,Unknown,1,2020-09-19T14:20:05.213
100,100,2020-04-10T00:00:00.000,Confirmed,From Contact,9,2020-09-19T14:20:05.213
101,101,2020-04-10T00:00:00.000,Death,Community,2,2020-09-19T14:20:05.213
102,102,2020-04-10T00:00:00.000,Confirmed,Community,17,2020-09-19T14:20:05.213
103,103,2020-04-11T00:00:00.000,Death,From Contact,1,2020-09-19T14:20:05.213
104,104,2020-04-11T00:00:00.000,Confirmed,Community,16,2020-09-19T14:20:05.213
105,105,2020-04-11T00:00:00.000,Confirmed,From Contact,7,2020-09-19T14:20:05.213
106,106,2020-04-12T00:00:00.000,Confirmed,Community,9,2020-09-19T14:20:05.213
107,107,2020-04-12T00:00:00.000,Confirmed,From Contact,9,2020-09-19T14:20:05.213
108,108,2020-04-13T00:00:00.000,Confirmed,Community,17,2020-09-19T14:20:05.213
109,109,2020-04-13T00:00:00.000,Confirmed,Unknown,1,2020-09-19T14:20:05.213
110,110,2020-04-13T00:00:00.000,Death,Unknown,1,2020-09-19T14:20:05.213
111,111,2020-04-13T00:00:00.000,Confirmed,From Contact,14,2020-09-19T14:20:05.213
112,112,2020-04-14T00:00:00.000,Death,Community,2,2020-09-19T14:20:05.213
113,113,2020-04-14T00:00:00.000,Confirmed,From Contact,17,2020-09-19T14:20:05.213
114,114,2020-04-14T00:00:00.000,Death,From Contact,1,2020-09-19T14:20:05.213
115,115,2020-04-14T00:00:00.000,Confirmed,Community,28,2020-09-19T14:20:05.213
116,116,2020-04-15T00:00:00.000,Confirmed,Community,39,2020-09-19T14:20:05.213
117,117,2020-04-15T00:00:00.000,Confirmed,Unknown,1,2020-09-19T14:20:05.213
118,118,2020-04-15T00:00:00.000,Confirmed,From Contact,12,2020-09-19T14:20:05.213
119,119,2020-04-15T00:00:00.000,Death,From Contact,1,2020-09-19T14:20:05.213
120,120,2020-04-16T00:00:00.000,Confirmed,Community,23,2020-09-19T14:20:05.213
121,121,2020-04-16T00:00:00.000,Confirmed,From Contact,9,2020-09-19T14:20:05.213
122,122,2020-04-16T00:00:00.000,Death,From Contact,1,2020-09-19T14:20:05.213
123,123,2020-04-17T00:00:00.000,Confirmed,From Contact,16,2020-09-19T14:20:05.213
124,124,2020-04-17T00:00:00.000,Confirmed,Community,28,2020-09-19T14:20:05.213
125,125,2020-04-18T00:00:00.000,Death,Community,1,2020-09-19T14:20:05.213
126,126,2020-04-18T00:00:00.000,Confirmed,From Contact,5,2020-09-19T14:20:05.213
127,127,2020-04-18T00:00:00.000,Confirmed,Community,9,2020-09-19T14:20:05.213
128,128,2020-04-19T00:00:00.000,Death,Community,1,2020-09-19T14:20:05.213
129,129,2020-04-19T00:00:00.000,Confirmed,Community,26,2020-09-19T14:20:05.213
130,130,2020-04-19T00:00:00.000,Confirmed,From Contact,5,2020-09-19T14:20:05.213
131,131,2020-04-19T00:00:00.000,Confirmed,Unknown,1,2020-09-19T14:20:05.213
132,132,2020-04-20T00:00:00.000,Confirmed,From Contact,12,2020-09-19T14:20:05.213
133,133,2020-04-20T00:00:00.000,Confirmed,Unknown,1,2020-09-19T14:20:05.213
134,134,2020-04-20T00:00:00.000,Confirmed,Community,26,2020-09-19T14:20:05.213
135,135,2020-04-21T00:00:00.000,Confirmed,From Contact,17,2020-09-19T14:20:05.213
136,136,2020-04-21T00:00:00.000,Confirmed,Community,13,2020-09-19T14:20:05.213
137,137,2020-04-22T00:00:00.000,Confirmed,Community,20,2020-09-19T14:20:05.213
138,138,2020-04-22T00:00:00.000,Confirmed,From Contact,12,2020-09-19T14:20:05.213
139,139,2020-04-22T00:00:00.000,Death,Community,1,2020-09-19T14:20:05.213
140,140,2020-04-23T00:00:00.000,Death,From Contact,1,2020-09-19T14:20:05.213
141,141,2020-04-23T00:00:00.000,Confirmed,Community,32,2020-09-19T14:20:05.213
142,142,2020-04-23T00:00:00.000,Confirmed,From Contact,13,2020-09-19T14:20:05.213
143,143,2020-04-24T00:00:00.000,Confirmed,From Contact,20,2020-09-19T14:20:05.213
144,144,2020-04-24T00:00:00.000,Confirmed,Community,15,2020-09-19T14:20:05.213
145,145,2020-04-25T00:00:00.000,Death,Community,1,2020-09-19T14:20:05.213
146,146,2020-04-25T00:00:00.000,Confirmed,From Contact,18,2020-09-19T14:20:05.213
147,147,2020-04-25T00:00:00.000,Confirmed,Community,33,2020-09-19T14:20:05.213
148,148,2020-04-26T00:00:00.000,Confirmed,Community,23,2020-09-19T14:20:05.213
149,149,2020-04-26T00:00:00.000,Confirmed,From Contact,9,2020-09-19T14:20:05.213
150,150,2020-04-27T00:00:00.000,Confirmed,Community,24,2020-09-19T14:20:05.213
151,151,2020-04-27T00:00:00.000,Confirmed,From Contact,12,2020-09-19T14:20:05.213
152,152,2020-04-28T00:00:00.000,Death,From Contact,1,2020-09-19T14:20:05.213
153,153,2020-04-28T00:00:00.000,Confirmed,From Contact,26,2020-09-19T14:20:05.213
154,154,2020-04-28T00:00:00.000,Confirmed,Community,46,2020-09-19T14:20:05.213
155,155,2020-04-29T00:00:00.000,Death,From Contact,2,2020-09-19T14:20:05.213
156,156,2020-04-29T00:00:00.000,Death,Community,1,2020-09-19T14:20:05.213
157,157,2020-04-29T00:00:00.000,Confirmed,Community,27,2020-09-19T14:20:05.213
158,158,2020-04-29T00:00:00.000,Confirmed,From Contact,22,2020-09-19T14:20:05.213
159,159,2020-04-30T00:00:00.000,Death,From Contact,1,2020-09-19T14:20:05.213
160,160,2020-04-30T00:00:00.000,Confirmed,From Contact,19,2020-09-19T14:20:05.213
161,161,2020-04-30T00:00:00.000,Confirmed,Community,18,2020-09-19T14:20:05.213
162,162,2020-05-01T00:00:00.000,Confirmed,Community,17,2020-09-19T14:20:05.213
163,163,2020-05-01T00:00:00.000,Confirmed,From Contact,17,2020-09-19T14:20:05.213
164,164,2020-05-01T00:00:00.000,Death,From Contact,1,2020-09-19T14:20:05.213
165,165,2020-05-02T00:00:00.000,Confirmed,From Contact,15,2020-09-19T14:20:05.213
166,166,2020-05-02T00:00:00.000,Confirmed,Community,30,2020-09-19T14:20:05.213
167,167,2020-05-03T00:00:00.000,Confirmed,Community,6,2020-09-19T14:20:05.213
168,168,2020-05-03T00:00:00.000,Confirmed,From Contact,6,2020-09-19T14:20:05.213
169,169,2020-05-03T00:00:00.000,Confirmed,Unknown,1,2020-09-19T14:20:05.213
170,170,2020-05-04T00:00:00.000,Confirmed,Community,15,2020-09-19T14:20:05.213
171,171,2020-05-04T00:00:00.000,Confirmed,Unknown,2,2020-09-19T14:20:05.213
172,172,2020-05-04T00:00:00.000,Confirmed,From Contact,27,2020-09-19T14:20:05.213
173,173,2020-05-05T00:00:00.000,Confirmed,Community,18,2020-09-19T14:20:05.213
174,174,2020-05-05T00:00:00.000,Confirmed,From Contact,25,2020-09-19T14:20:05.213
175,175,2020-05-06T00:00:00.000,Confirmed,From Contact,15,2020-09-19T14:20:05.213
176,176,2020-05-06T00:00:00.000,Confirmed,Community,28,2020-09-19T14:20:05.213
177,177,2020-05-07T00:00:00.000,Confirmed,Community,20,2020-09-19T14:20:05.213
178,178,2020-05-07T00:00:00.000,Confirmed,From Contact,9,2020-09-19T14:20:05.213
179,179,2020-05-08T00:00:00.000,Confirmed,From Contact,13,2020-09-19T14:20:05.213
180,180,2020-05-08T00:00:00.000,Confirmed,Community,15,2020-09-19T14:20:05.213
181,181,2020-05-08T00:00:00.000,Death,Community,1,2020-09-19T14:20:05.213
182,182,2020-05-08T00:00:00.000,Death,From Contact,2,2020-09-19T14:20:05.213
183,183,2020-05-09T00:00:00.000,Confirmed,Unknown,1,2020-09-19T14:20:05.213
184,184,2020-05-09T00:00:00.000,Death,Community,1,2020-09-19T14:20:05.213
185,185,2020-05-09T00:00:00.000,Confirmed,Community,6,2020-09-19T14:20:05.213
186,186,2020-05-09T00:00:00.000,Confirmed,From Contact,1,2020-09-19T14:20:05.213
187,187,2020-05-09T00:00:00.000,Death,From Contact,1,2020-09-19T14:20:05.213
188,188,2020-05-10T00:00:00.000,Confirmed,From Contact,1,2020-09-19T14:20:05.213
189,189,2020-05-10T00:00:00.000,Confirmed,Community,4,2020-09-19T14:20:05.213
190,190,2020-05-11T00:00:00.000,Confirmed,Community,24,2020-09-19T14:20:05.213
191,191,2020-05-11T00:00:00.000,Confirmed,From Contact,5,2020-09-19T14:20:05.213
192,192,2020-05-12T00:00:00.000,Confirmed,Unknown,24,2020-09-19T14:20:05.213
193,193,2020-05-12T00:00:00.000,Confirmed,Community,17,2020-09-19T14:20:05.213
194,194,2020-05-12T00:00:00.000,Confirmed,From Contact,11,2020-09-19T14:20:05.213
195,195,2020-05-12T00:00:00.000,Death,From Contact,1,2020-09-19T14:20:05.213
196,196,2020-05-13T00:00:00.000,Confirmed,From Contact,14,2020-09-19T14:20:05.213
197,197,2020-05-13T00:00:00.000,Confirmed,Community,19,2020-09-19T14:20:05.213
198,198,2020-05-14T00:00:00.000,Confirmed,Community,17,2020-09-19T14:20:05.213
199,199,2020-05-14T00:00:00.000,Confirmed,From Contact,14,2020-09-19T14:20:05.213
200,200,2020-05-14T00:00:00.000,Confirmed,Unknown,3,2020-09-19T14:20:05.213
201,201,2020-05-15T00:00:00.000,Confirmed,Community,20,2020-09-19T14:20:05.213
202,202,2020-05-15T00:00:00.000,Confirmed,Unknown,4,2020-09-19T14:20:05.213
203,203,2020-05-15T00:00:00.000,Death,From Contact,1,2020-09-19T14:20:05.213
204,204,2020-05-15T00:00:00.000,Confirmed,From Contact,10,2020-09-19T14:20:05.213
205,205,2020-05-16T00:00:00.000,Confirmed,Community,4,2020-09-19T14:20:05.213
206,206,2020-05-16T00:00:00.000,Confirmed,From Contact,4,2020-09-19T14:20:05.213
207,207,2020-05-17T00:00:00.000,Death,From Contact,2,2020-09-19T14:20:05.213
208,208,2020-05-17T00:00:00.000,Confirmed,From Contact,4,2020-09-19T14:20:05.213
209,209,2020-05-17T00:00:00.000,Confirmed,Community,6,2020-09-19T14:20:05.213
210,210,2020-05-18T00:00:00.000,Confirmed,Unknown,1,2020-09-19T14:20:05.213
211,211,2020-05-18T00:00:00.000,Confirmed,From Contact,21,2020-09-19T14:20:05.213
212,212,2020-05-18T00:00:00.000,Confirmed,Community,22,2020-09-19T14:20:05.213
213,213,2020-05-19T00:00:00.000,Confirmed,From Contact,22,2020-09-19T14:20:05.213
214,214,2020-05-19T00:00:00.000,Confirmed,Community,9,2020-09-19T14:20:05.213
215,215,2020-05-20T00:00:00.000,Confirmed,From Contact,19,2020-09-19T14:20:05.213
216,216,2020-05-20T00:00:00.000,Confirmed,Community,23,2020-09-19T14:20:05.213
217,217,2020-05-21T00:00:00.000,Confirmed,Community,14,2020-09-19T14:20:05.213
218,218,2020-05-21T00:00:00.000,Confirmed,From Contact,10,2020-09-19T14:20:05.213
219,219,2020-05-22T00:00:00.000,Confirmed,From Contact,19,2020-09-19T14:20:05.213
220,220,2020-05-22T00:00:00.000,Confirmed,Unknown,1,2020-09-19T14:20:05.213
221,221,2020-05-22T00:00:00.000,Confirmed,Community,13,2020-09-19T14:20:05.213
222,222,2020-05-23T00:00:00.000,Confirmed,Unknown,1,2020-09-19T14:20:05.213
223,223,2020-05-23T00:00:00.000,Confirmed,From Contact,9,2020-09-19T14:20:05.213
224,224,2020-05-23T00:00:00.000,Confirmed,Community,7,2020-09-19T14:20:05.213
225,225,2020-05-24T00:00:00.000,Confirmed,From Contact,4,2020-09-19T14:20:05.213
226,226,2020-05-24T00:00:00.000,Confirmed,Community,7,2020-09-19T14:20:05.213
227,227,2020-05-25T00:00:00.000,Confirmed,Community,5,2020-09-19T14:20:05.213
228,228,2020-05-25T00:00:00.000,Confirmed,From Contact,4,2020-09-19T14:20:05.213
229,229,2020-05-26T00:00:00.000,Death,From Contact,1,2020-09-19T14:20:05.213
230,230,2020-05-26T00:00:00.000,Confirmed,From Contact,24,2020-09-19T14:20:05.213
231,231,2020-05-26T00:00:00.000,Confirmed,Community,22,2020-09-19T14:20:05.213
232,232,2020-05-26T00:00:00.000,Confirmed,Unknown,1,2020-09-19T14:20:05.213
233,233,2020-05-27T00:00:00.000,Confirmed,Unknown,1,2020-09-19T14:20:05.213
234,234,2020-05-27T00:00:00.000,Confirmed,From Contact,17,2020-09-19T14:20:05.213
235,235,2020-05-27T00:00:00.000,Confirmed,Community,16,2020-09-19T14:20:05.213
236,236,2020-05-28T00:00:00.000,Confirmed,From Contact,10,2020-09-19T14:20:05.213
237,237,2020-05-28T00:00:00.000,Confirmed,Community,13,2020-09-19T14:20:05.213
238,238,2020-05-28T00:00:00.000,Confirmed,Unknown,1,2020-09-19T14:20:05.213
239,239,2020-05-29T00:00:00.000,Confirmed,Community,13,2020-09-19T14:20:05.213
240,240,2020-05-29T00:00:00.000,Death,Community,1,2020-09-19T14:20:05.213
241,241,2020-05-29T00:00:00.000,Confirmed,From Contact,16,2020-09-19T14:20:05.213
242,242,2020-05-30T00:00:00.000,Confirmed,Community,12,2020-09-19T14:20:05.213
243,243,2020-05-30T00:00:00.000,Confirmed,From Contact,10,2020-09-19T14:20:05.213
244,244,2020-05-31T00:00:00.000,Confirmed,Community,15,2020-09-19T14:20:05.213
245,245,2020-05-31T00:00:00.000,Confirmed,From Contact,10,2020-09-19T14:20:05.213
246,246,2020-05-31T00:00:00.000,Death,From Contact,1,2020-09-19T14:20:05.213
247,247,2020-05-31T00:00:00.000,Confirmed,Unknown,1,2020-09-19T14:20:05.213
248,248,2020-06-01T00:00:00.000,Confirmed,Community,18,2020-09-19T14:20:05.213
249,249,2020-06-01T00:00:00.000,Confirmed,Unknown,1,2020-09-19T14:20:05.213
250,250,2020-06-01T00:00:00.000,Confirmed,From Contact,19,2020-09-19T14:20:05.213
251,251,2020-06-02T00:00:00.000,Confirmed,From Contact,23,2020-09-19T14:20:05.213
252,252,2020-06-02T00:00:00.000,Confirmed,Community,17,2020-09-19T14:20:05.213
253,253,2020-06-02T00:00:00.000,Confirmed,Unknown,5,2020-09-19T14:20:05.213
254,254,2020-06-03T00:00:00.000,Confirmed,Unknown,1,2020-09-19T14:20:05.213
255,255,2020-06-03T00:00:00.000,Confirmed,From Contact,11,2020-09-19T14:20:05.213
256,256,2020-06-03T00:00:00.000,Confirmed,Community,15,2020-09-19T14:20:05.213
257,257,2020-06-04T00:00:00.000,Confirmed,From Contact,18,2020-09-19T14:20:05.213
258,258,2020-06-04T00:00:00.000,Confirmed,Unknown,2,2020-09-19T14:20:05.213
259,259,2020-06-04T00:00:00.000,Confirmed,Community,17,2020-09-19T14:20:05.213
260,260,2020-06-05T00:00:00.000,Confirmed,From Contact,11,2020-09-19T14:20:05.213
261,261,2020-06-05T00:00:00.000,Confirmed,Community,14,2020-09-19T14:20:05.213
262,262,2020-06-05T00:00:00.000,Death,Community,1,2020-09-19T14:20:05.213
263,263,2020-06-05T00:00:00.000,Confirmed,Unknown,5,2020-09-19T14:20:05.213
264,264,2020-06-06T00:00:00.000,Confirmed,Community,6,2020-09-19T14:20:05.213
265,265,2020-06-06T00:00:00.000,Confirmed,From Contact,11,2020-09-19T14:20:05.213
266,266,2020-06-07T00:00:00.000,Confirmed,From Contact,4,2020-09-19T14:20:05.213
267,267,2020-06-07T00:00:00.000,Confirmed,Community,13,2020-09-19T14:20:05.213
268,268,2020-06-08T00:00:00.000,Confirmed,Community,17,2020-09-19T14:20:05.213
269,269,2020-06-08T00:00:00.000,Confirmed,From Contact,19,2020-09-19T14:20:05.213
270,270,2020-06-09T00:00:00.000,Confirmed,From Contact,12,2020-09-19T14:20:05.213
271,271,2020-06-09T00:00:00.000,Confirmed,Community,21,2020-09-19T14:20:05.213
272,272,2020-06-10T00:00:00.000,Confirmed,Unknown,1,2020-09-19T14:20:05.213
273,273,2020-06-10T00:00:00.000,Confirmed,From Contact,4,2020-09-19T14:20:05.213
274,274,2020-06-10T00:00:00.000,Confirmed,Community,11,2020-09-19T14:20:05.213
275,275,2020-06-11T00:00:00.000,Confirmed,Community,12,2020-09-19T14:20:05.213
276,276,2020-06-11T00:00:00.000,Confirmed,From Contact,10,2020-09-19T14:20:05.213
277,277,2020-06-12T00:00:00.000,Confirmed,Unknown,1,2020-09-19T14:20:05.213
278,278,2020-06-12T00:00:00.000,Confirmed,From Contact,7,2020-09-19T14:20:05.213
279,279,2020-06-12T00:00:00.000,Confirmed,Community,19,2020-09-19T14:20:05.213
280,280,2020-06-12T00:00:00.000,Death,Community,1,2020-09-19T14:20:05.213
281,281,2020-06-13T00:00:00.000,Confirmed,From Contact,5,2020-09-19T14:20:05.213
282,282,2020-06-13T00:00:00.000,Death,From Contact,1,2020-09-19T14:20:05.213
283,283,2020-06-13T00:00:00.000,Confirmed,Community,15,2020-09-19T14:20:05.213
284,284,2020-06-14T00:00:00.000,Confirmed,Community,8,2020-09-19T14:20:05.213
285,285,2020-06-14T00:00:00.000,Confirmed,From Contact,7,2020-09-19T14:20:05.213
286,286,2020-06-15T00:00:00.000,Confirmed,Community,15,2020-09-19T14:20:05.213
287,287,2020-06-15T00:00:00.000,Confirmed,From Contact,20,2020-09-19T14:20:05.213
288,288,2020-06-16T00:00:00.000,Confirmed,From Contact,21,2020-09-19T14:20:05.213
289,289,2020-06-16T00:00:00.000,Confirmed,Community,27,2020-09-19T14:20:05.213
290,290,2020-06-17T00:00:00.000,Confirmed,From Contact,21,2020-09-19T14:20:05.213
291,291,2020-06-17T00:00:00.000,Confirmed,Unknown,1,2020-09-19T14:20:05.213
292,292,2020-06-17T00:00:00.000,Confirmed,Community,29,2020-09-19T14:20:05.213
293,293,2020-06-18T00:00:00.000,Confirmed,Community,35,2020-09-19T14:20:05.213
294,294,2020-06-18T00:00:00.000,Death,Community,1,2020-09-19T14:20:05.213
295,295,2020-06-18T00:00:00.000,Confirmed,From Contact,10,2020-09-19T14:20:05.213
296,296,2020-06-19T00:00:00.000,Confirmed,From Contact,17,2020-09-19T14:20:05.213
297,297,2020-06-19T00:00:00.000,Confirmed,Unknown,1,2020-09-19T14:20:05.213
298,298,2020-06-19T00:00:00.000,Confirmed,Community,25,2020-09-19T14:20:05.213
299,299,2020-06-20T00:00:00.000,Confirmed,Community,27,2020-09-19T14:20:05.213
300,300,2020-06-20T00:00:00.000,Confirmed,From Contact,14,2020-09-19T14:20:05.213
301,301,2020-06-21T00:00:00.000,Confirmed,Community,17,2020-09-19T14:20:05.213
302,302,2020-06-21T00:00:00.000,Confirmed,From Contact,15,2020-09-19T14:20:05.213
303,303,2020-06-22T00:00:00.000,Confirmed,From Contact,34,2020-09-19T14:20:05.213
304,304,2020-06-22T00:00:00.000,Confirmed,Community,69,2020-09-19T14:20:05.213
305,305,2020-06-22T00:00:00.000,Confirmed,Unknown,3,2020-09-19T14:20:05.213
306,306,2020-06-23T00:00:00.000,Confirmed,Community,46,2020-09-19T14:20:05.213
307,307,2020-06-23T00:00:00.000,Confirmed,Unknown,7,2020-09-19T14:20:05.213
308,308,2020-06-23T00:00:00.000,Confirmed,From Contact,24,2020-09-19T14:20:05.213
309,309,2020-06-24T00:00:00.000,Confirmed,Unknown,7,2020-09-19T14:20:05.213
310,310,2020-06-24T00:00:00.000,Confirmed,From Contact,27,2020-09-19T14:20:05.213
311,311,2020-06-24T00:00:00.000,Confirmed,Community,26,2020-09-19T14:20:05.213
312,312,2020-06-25T00:00:00.000,Confirmed,Unknown,1,2020-09-19T14:20:05.213
313,313,2020-06-25T00:00:00.000,Confirmed,Community,40,2020-09-19T14:20:05.213
314,314,2020-06-25T00:00:00.000,Confirmed,From Contact,24,2020-09-19T14:20:05.213
315,315,2020-06-26T00:00:00.000,Confirmed,Community,39,2020-09-19T14:20:05.213
316,316,2020-06-26T00:00:00.000,Confirmed,From Contact,31,2020-09-19T14:20:05.213
317,317,2020-06-27T00:00:00.000,Confirmed,Community,36,2020-09-19T14:20:05.213
318,318,2020-06-27T00:00:00.000,Confirmed,From Contact,14,2020-09-19T14:20:05.213
319,319,2020-06-27T00:00:00.000,Confirmed,Unknown,2,2020-09-19T14:20:05.213
320,320,2020-06-28T00:00:00.000,Confirmed,Community,20,2020-09-19T14:20:05.213
321,321,2020-06-28T00:00:00.000,Confirmed,From Contact,16,2020-09-19T14:20:05.213
322,322,2020-06-29T00:00:00.000,Confirmed,Unknown,3,2020-09-19T14:20:05.213
323,323,2020-06-29T00:00:00.000,Confirmed,From Contact,26,2020-09-19T14:20:05.213
324,324,2020-06-29T00:00:00.000,Confirmed,Community,43,2020-09-19T14:20:05.213
325,325,2020-06-30T00:00:00.000,Confirmed,Community,56,2020-09-19T14:20:05.213
326,326,2020-06-30T00:00:00.000,Confirmed,From Contact,36,2020-09-19T14:20:05.213
327,327,2020-06-30T00:00:00.000,Confirmed,Unknown,5,2020-09-19T14:20:05.213
328,328,2020-07-01T00:00:00.000,Confirmed,Unknown,8,2020-09-19T14:20:05.213
329,329,2020-07-01T00:00:00.000,Confirmed,Community,42,2020-09-19T14:20:05.213
330,330,2020-07-01T00:00:00.000,Confirmed,From Contact,29,2020-09-19T14:20:05.213
331,331,2020-07-02T00:00:00.000,Confirmed,Community,51,2020-09-19T14:20:05.213
332,332,2020-07-02T00:00:00.000,Confirmed,From Contact,35,2020-09-19T14:20:05.213
333,333,2020-07-02T00:00:00.000,Confirmed,Unknown,16,2020-09-19T14:20:05.213
334,334,2020-07-03T00:00:00.000,Confirmed,From Contact,21,2020-09-19T14:20:05.213
335,335,2020-07-03T00:00:00.000,Confirmed,Unknown,20,2020-09-19T14:20:05.213
336,336,2020-07-03T00:00:00.000,Confirmed,Community,45,2020-09-19T14:20:05.213
337,337,2020-07-04T00:00:00.000,Confirmed,Community,17,2020-09-19T14:20:05.213
338,338,2020-07-04T00:00:00.000,Confirmed,Unknown,4,2020-09-19T14:20:05.213
339,339,2020-07-04T00:00:00.000,Confirmed,From Contact,6,2020-09-19T14:20:05.213
340,340,2020-07-05T00:00:00.000,Confirmed,Community,24,2020-09-19T14:20:05.213
341,341,2020-07-05T00:00:00.000,Confirmed,Unknown,7,2020-09-19T14:20:05.213
342,342,2020-07-05T00:00:00.000,Confirmed,From Contact,20,2020-09-19T14:20:05.213
343,343,2020-07-06T00:00:00.000,Death,Community,1,2020-09-19T14:20:05.213
344,344,2020-07-06T00:00:00.000,Confirmed,From Contact,36,2020-09-19T14:20:05.213
345,345,2020-07-06T00:00:00.000,Confirmed,Community,46,2020-09-19T14:20:05.213
346,346,2020-07-06T00:00:00.000,Confirmed,Unknown,4,2020-09-19T14:20:05.213
347,347,2020-07-07T00:00:00.000,Confirmed,Community,55,2020-09-19T14:20:05.213
348,348,2020-07-07T00:00:00.000,Confirmed,Unknown,4,2020-09-19T14:20:05.213
349,349,2020-07-07T00:00:00.000,Confirmed,From Contact,38,2020-09-19T14:20:05.213
350,350,2020-07-08T00:00:00.000,Confirmed,Unknown,4,2020-09-19T14:20:05.213
351,351,2020-07-08T00:00:00.000,Confirmed,Community,63,2020-09-19T14:20:05.213
352,352,2020-07-08T00:00:00.000,Confirmed,From Contact,48,2020-09-19T14:20:05.213
353,353,2020-07-09T00:00:00.000,Confirmed,Community,61,2020-09-19T14:20:05.213
354,354,2020-07-09T00:00:00.000,Confirmed,From Contact,40,2020-09-19T14:20:05.213
355,355,2020-07-09T00:00:00.000,Confirmed,Unknown,5,2020-09-19T14:20:05.213
356,356,2020-07-10T00:00:00.000,Confirmed,Unknown,4,2020-09-19T14:20:05.213
357,357,2020-07-10T00:00:00.000,Confirmed,From Contact,55,2020-09-19T14:20:05.213
358,358,2020-07-10T00:00:00.000,Confirmed,Community,68,2020-09-19T14:20:05.213
359,359,2020-07-11T00:00:00.000,Confirmed,Community,39,2020-09-19T14:20:05.213
360,360,2020-07-11T00:00:00.000,Confirmed,From Contact,25,2020-09-19T14:20:05.213
361,361,2020-07-12T00:00:00.000,Confirmed,From Contact,18,2020-09-19T14:20:05.213
362,362,2020-07-12T00:00:00.000,Confirmed,Community,46,2020-09-19T14:20:05.213
363,363,2020-07-12T00:00:00.000,Death,Community,1,2020-09-19T14:20:05.213
364,364,2020-07-12T00:00:00.000,Confirmed,Unknown,1,2020-09-19T14:20:05.213
365,365,2020-07-13T00:00:00.000,Confirmed,Community,73,2020-09-19T14:20:05.213
366,366,2020-07-13T00:00:00.000,Confirmed,From Contact,67,2020-09-19T14:20:05.213
367,367,2020-07-13T00:00:00.000,Death,Community,1,2020-09-19T14:20:05.213
368,368,2020-07-14T00:00:00.000,Confirmed,Unknown,3,2020-09-19T14:20:05.213
369,369,2020-07-14T00:00:00.000,Confirmed,Community,92,2020-09-19T14:20:05.213
370,370,2020-07-14T00:00:00.000,Death,Community,1,2020-09-19T14:20:05.213
371,371,2020-07-14T00:00:00.000,Confirmed,From Contact,67,2020-09-19T14:20:05.213
372,372,2020-07-15T00:00:00.000,Death,Community,1,2020-09-19T14:20:05.213
373,373,2020-07-15T00:00:00.000,Confirmed,From Contact,55,2020-09-19T14:20:05.213
374,374,2020-07-15T00:00:00.000,Confirmed,Unknown,2,2020-09-19T14:20:05.213
375,375,2020-07-15T00:00:00.000,Confirmed,Community,95,2020-09-19T14:20:05.213
376,376,2020-07-16T00:00:00.000,Confirmed,Unknown,3,2020-09-19T14:20:05.213
377,377,2020-07-16T00:00:00.000,Death,Community,1,2020-09-19T14:20:05.213
378,378,2020-07-16T00:00:00.000,Confirmed,Community,89,2020-09-19T14:20:05.213
379,379,2020-07-16T00:00:00.000,Confirmed,From Contact,55,2020-09-19T14:20:05.213
380,380,2020-07-17T00:00:00.000,Confirmed,Community,88,2020-09-19T14:20:05.213
381,381,2020-07-17T00:00:00.000,Death,Unknown,1,2020-09-19T14:20:05.213
382,382,2020-07-17T00:00:00.000,Confirmed,From Contact,60,2020-09-19T14:20:05.213
383,383,2020-07-17T00:00:00.000,Confirmed,Unknown,4,2020-09-19T14:20:05.213
384,384,2020-07-18T00:00:00.000,Confirmed,From Contact,31,2020-09-19T14:20:05.213
385,385,2020-07-18T00:00:00.000,Confirmed,Unknown,1,2020-09-19T14:20:05.213
386,386,2020-07-18T00:00:00.000,Confirmed,Community,44,2020-09-19T14:20:05.213
387,387,2020-07-18T00:00:00.000,Death,From Contact,1,2020-09-19T14:20:05.213
388,388,2020-07-19T00:00:00.000,Confirmed,Unknown,1,2020-09-19T14:20:05.213
389,389,2020-07-19T00:00:00.000,Confirmed,From Contact,22,2020-09-19T14:20:05.213
390,390,2020-07-19T00:00:00.000,Confirmed,Community,50,2020-09-19T14:20:05.213
391,391,2020-07-20T00:00:00.000,Confirmed,Unknown,1,2020-09-19T14:20:05.213
392,392,2020-07-20T00:00:00.000,Confirmed,Community,95,2020-09-19T14:20:05.213
393,393,2020-07-20T00:00:00.000,Confirmed,From Contact,49,2020-09-19T14:20:05.213
394,394,2020-07-21T00:00:00.000,Confirmed,Community,76,2020-09-19T14:20:05.213
395,395,2020-07-21T00:00:00.000,Confirmed,Unknown,2,2020-09-19T14:20:05.213
396,396,2020-07-21T00:00:00.000,Confirmed,From Contact,48,2020-09-19T14:20:05.213
397,397,2020-07-22T00:00:00.000,Death,Community,1,2020-09-19T14:20:05.213
398,398,2020-07-22T00:00:00.000,Confirmed,From Contact,40,2020-09-19T14:20:05.213
399,399,2020-07-22T00:00:00.000,Confirmed,Unknown,3,2020-09-19T14:20:05.213
400,400,2020-07-22T00:00:00.000,Confirmed,Community,84,2020-09-19T14:20:05.213
401,401,2020-07-23T00:00:00.000,Death,Community,1,2020-09-19T14:20:05.213
402,402,2020-07-23T00:00:00.000,Confirmed,From Contact,40,2020-09-19T14:20:05.213
403,403,2020-07-23T00:00:00.000,Confirmed,Community,79,2020-09-19T14:20:05.213
404,404,2020-07-23T00:00:00.000,Confirmed,Unknown,3,2020-09-19T14:20:05.213
405,405,2020-07-24T00:00:00.000,Confirmed,Community,77,2020-09-19T14:20:05.213
406,406,2020-07-24T00:00:00.000,Confirmed,From Contact,42,2020-09-19T14:20:05.213
407,407,2020-07-25T00:00:00.000,Confirmed,Community,43,2020-09-19T14:20:05.213
408,408,2020-07-25T00:00:00.000,Confirmed,From Contact,36,2020-09-19T14:20:05.213
409,409,2020-07-26T00:00:00.000,Confirmed,Community,45,2020-09-19T14:20:05.213
410,410,2020-07-26T00:00:00.000,Death,Community,1,2020-09-19T14:20:05.213
411,411,2020-07-26T00:00:00.000,Confirmed,From Contact,13,2020-09-19T14:20:05.213
412,412,2020-07-26T00:00:00.000,Confirmed,Unknown,2,2020-09-19T14:20:05.213
413,413,2020-07-27T00:00:00.000,Confirmed,Community,49,2020-09-19T14:20:05.213
414,414,2020-07-27T00:00:00.000,Death,Community,1,2020-09-19T14:20:05.213
415,415,2020-07-27T00:00:00.000,Confirmed,From Contact,43,2020-09-19T14:20:05.213
416,416,2020-07-28T00:00:00.000,Death,Community,2,2020-09-19T14:20:05.213
417,417,2020-07-28T00:00:00.000,Confirmed,Community,62,2020-09-19T14:20:05.213
418,418,2020-07-28T00:00:00.000,Death,From Contact,1,2020-09-19T14:20:05.213
419,419,2020-07-28T00:00:00.000,Confirmed,From Contact,36,2020-09-19T14:20:05.213
420,420,2020-07-29T00:00:00.000,Confirmed,Unknown,5,2020-09-19T14:20:05.213
421,421,2020-07-29T00:00:00.000,Confirmed,From Contact,58,2020-09-19T14:20:05.213
422,422,2020-07-29T00:00:00.000,Confirmed,Community,74,2020-09-19T14:20:05.213
423,423,2020-07-29T00:00:00.000,Death,Community,1,2020-09-19T14:20:05.213
424,424,2020-07-30T00:00:00.000,Confirmed,Community,69,2020-09-19T14:20:05.213
425,425,2020-07-30T00:00:00.000,Confirmed,From Contact,55,2020-09-19T14:20:05.213
426,426,2020-07-31T00:00:00.000,Confirmed,Unknown,2,2020-09-19T14:20:05.213
427,427,2020-07-31T00:00:00.000,Confirmed,From Contact,46,2020-09-19T14:20:05.213
428,428,2020-07-31T00:00:00.000,Confirmed,Community,65,2020-09-19T14:20:05.213
429,429,2020-08-01T00:00:00.000,Death,Community,2,2020-09-19T14:20:05.213
430,430,2020-08-01T00:00:00.000,Death,From Contact,1,2020-09-19T14:20:05.213
431,431,2020-08-01T00:00:00.000,Confirmed,From Contact,28,2020-09-19T14:20:05.213
432,432,2020-08-01T00:00:00.000,Confirmed,Unknown,9,2020-09-19T14:20:05.213
433,433,2020-08-01T00:00:00.000,Confirmed,Community,30,2020-09-19T14:20:05.213
434,434,2020-08-02T00:00:00.000,Confirmed,From Contact,15,2020-09-19T14:20:05.213
435,435,2020-08-02T00:00:00.000,Confirmed,Community,30,2020-09-19T14:20:05.213
436,436,2020-08-03T00:00:00.000,Confirmed,Unknown,1,2020-09-19T14:20:05.213
437,437,2020-08-03T00:00:00.000,Confirmed,From Contact,39,2020-09-19T14:20:05.213
438,438,2020-08-03T00:00:00.000,Confirmed,Community,63,2020-09-19T14:20:05.213
439,439,2020-08-03T00:00:00.000,Death,From Contact,1,2020-09-19T14:20:05.213
440,440,2020-08-04T00:00:00.000,Confirmed,From Contact,34,2020-09-19T14:20:05.213
441,441,2020-08-04T00:00:00.000,Confirmed,Unknown,1,2020-09-19T14:20:05.213
442,442,2020-08-04T00:00:00.000,Confirmed,Community,48,2020-09-19T14:20:05.213
443,443,2020-08-05T00:00:00.000,Death,Community,1,2020-09-19T14:20:05.213
444,444,2020-08-05T00:00:00.000,Confirmed,Community,60,2020-09-19T14:20:05.213
445,445,2020-08-05T00:00:00.000,Confirmed,From Contact,69,2020-09-19T14:20:05.213
446,446,2020-08-05T00:00:00.000,Confirmed,Unknown,1,2020-09-19T14:20:05.213
447,447,2020-08-06T00:00:00.000,Confirmed,From Contact,32,2020-09-19T14:20:05.213
448,448,2020-08-06T00:00:00.000,Confirmed,Community,65,2020-09-19T14:20:05.213
449,449,2020-08-07T00:00:00.000,Death,Community,2,2020-09-19T14:20:05.213
450,450,2020-08-07T00:00:00.000,Confirmed,Community,62,2020-09-19T14:20:05.213
451,451,2020-08-07T00:00:00.000,Confirmed,From Contact,66,2020-09-19T14:20:05.213
452,452,2020-08-08T00:00:00.000,Confirmed,Community,34,2020-09-19T14:20:05.213
453,453,2020-08-08T00:00:00.000,Confirmed,From Contact,28,2020-09-19T14:20:05.213
454,454,2020-08-09T00:00:00.000,Confirmed,Community,26,2020-09-19T14:20:05.213
455,455,2020-08-09T00:00:00.000,Death,From Contact,1,2020-09-19T14:20:05.213
456,456,2020-08-09T00:00:00.000,Confirmed,Unknown,1,2020-09-19T14:20:05.213
457,457,2020-08-09T00:00:00.000,Confirmed,From Contact,33,2020-09-19T14:20:05.213
458,458,2020-08-10T00:00:00.000,Confirmed,From Contact,46,2020-09-19T14:20:05.213
459,459,2020-08-10T00:00:00.000,Confirmed,Community,55,2020-09-19T14:20:05.213
460,460,2020-08-10T00:00:00.000,Death,Community,2,2020-09-19T14:20:05.213
461,461,2020-08-11T00:00:00.000,Confirmed,From Contact,48,2020-09-19T14:20:05.213
462,462,2020-08-11T00:00:00.000,Confirmed,Community,58,2020-09-19T14:20:05.213
463,463,2020-08-12T00:00:00.000,Confirmed,Community,69,2020-09-19T14:20:05.213
464,464,2020-08-12T00:00:00.000,Confirmed,From Contact,63,2020-09-19T14:20:05.213
465,465,2020-08-12T00:00:00.000,Death,Community,1,2020-09-19T14:20:05.213
466,466,2020-08-13T00:00:00.000,Confirmed,From Contact,42,2020-09-19T14:20:05.213
467,467,2020-08-13T00:00:00.000,Death,From Contact,1,2020-09-19T14:20:05.213
468,468,2020-08-13T00:00:00.000,Confirmed,Community,62,2020-09-19T14:20:05.213
469,469,2020-08-14T00:00:00.000,Death,Community,1,2020-09-19T14:20:05.213
470,470,2020-08-14T00:00:00.000,Confirmed,Community,65,2020-09-19T14:20:05.213
471,471,2020-08-14T00:00:00.000,Confirmed,Unknown,1,2020-09-19T14:20:05.213
472,472,2020-08-14T00:00:00.000,Confirmed,From Contact,41,2020-09-19T14:20:05.213
473,473,2020-08-15T00:00:00.000,Confirmed,Community,34,2020-09-19T14:20:05.213
474,474,2020-08-15T00:00:00.000,Confirmed,From Contact,32,2020-09-19T14:20:05.213
475,475,2020-08-15T00:00:00.000,Death,Community,2,2020-09-19T14:20:05.213
476,476,2020-08-16T00:00:00.000,Confirmed,Community,27,2020-09-19T14:20:05.213
477,477,2020-08-16T00:00:00.000,Confirmed,From Contact,11,2020-09-19T14:20:05.213
478,478,2020-08-17T00:00:00.000,Confirmed,From Contact,37,2020-09-19T14:20:05.213
479,479,2020-08-17T00:00:00.000,Confirmed,Community,43,2020-09-19T14:20:05.213
480,480,2020-08-18T00:00:00.000,Confirmed,Unknown,1,2020-09-19T14:20:05.213
481,481,2020-08-18T00:00:00.000,Death,Unknown,1,2020-09-19T14:20:05.213
482,482,2020-08-18T00:00:00.000,Confirmed,Community,42,2020-09-19T14:20:05.213
483,483,2020-08-18T00:00:00.000,Confirmed,From Contact,37,2020-09-19T14:20:05.213
484,484,2020-08-19T00:00:00.000,Confirmed,From Contact,61,2020-09-19T14:20:05.213
485,485,2020-08-19T00:00:00.000,Confirmed,Community,35,2020-09-19T14:20:05.213
486,486,2020-08-20T00:00:00.000,Confirmed,Community,43,2020-09-19T14:20:05.213
487,487,2020-08-20T00:00:00.000,Death,Community,1,2020-09-19T14:20:05.213
488,488,2020-08-20T00:00:00.000,Death,From Contact,1,2020-09-19T14:20:05.213
489,489,2020-08-20T00:00:00.000,Confirmed,Unknown,1,2020-09-19T14:20:05.213
490,490,2020-08-20T00:00:00.000,Confirmed,From Contact,41,2020-09-19T14:20:05.213
491,491,2020-08-21T00:00:00.000,Confirmed,From Contact,35,2020-09-19T14:20:05.213
492,492,2020-08-21T00:00:00.000,Confirmed,Community,43,2020-09-19T14:20:05.213
493,493,2020-08-21T00:00:00.000,Death,Unknown,1,2020-09-19T14:20:05.213
494,494,2020-08-22T00:00:00.000,Confirmed,Community,22,2020-09-19T14:20:05.213
495,495,2020-08-22T00:00:00.000,Confirmed,From Contact,21,2020-09-19T14:20:05.213
496,496,2020-08-23T00:00:00.000,Confirmed,From Contact,25,2020-09-19T14:20:05.213
497,497,2020-08-23T00:00:00.000,Confirmed,Community,16,2020-09-19T14:20:05.213
498,498,2020-08-24T00:00:00.000,Confirmed,Community,48,2020-09-19T14:20:05.213
499,499,2020-08-24T00:00:00.000,Confirmed,Unknown,3,2020-09-19T14:20:05.213
500,500,2020-08-24T00:00:00.000,Confirmed,From Contact,42,2020-09-19T14:20:05.213
501,501,2020-08-25T00:00:00.000,Confirmed,From Contact,33,2020-09-19T14:20:05.213
502,502,2020-08-25T00:00:00.000,Confirmed,Community,46,2020-09-19T14:20:05.213
503,503,2020-08-26T00:00:00.000,Confirmed,Community,46,2020-09-19T14:20:05.213
504,504,2020-08-26T00:00:00.000,Confirmed,Unknown,1,2020-09-19T14:20:05.213
505,505,2020-08-26T00:00:00.000,Death,From Contact,1,2020-09-19T14:20:05.213
506,506,2020-08-26T00:00:00.000,Confirmed,From Contact,43,2020-09-19T14:20:05.213
507,507,2020-08-27T00:00:00.000,Death,Community,1,2020-09-19T14:20:05.213
508,508,2020-08-27T00:00:00.000,Confirmed,Community,56,2020-09-19T14:20:05.213
509,509,2020-08-27T00:00:00.000,Confirmed,From Contact,42,2020-09-19T14:20:05.213
510,510,2020-08-28T00:00:00.000,Confirmed,From Contact,32,2020-09-19T14:20:05.213
511,511,2020-08-28T00:00:00.000,Confirmed,Community,32,2020-09-19T14:20:05.213
512,512,2020-08-29T00:00:00.000,Death,Community,1,2020-09-19T14:20:05.213
513,513,2020-08-29T00:00:00.000,Confirmed,Community,29,2020-09-19T14:20:05.213
514,514,2020-08-29T00:00:00.000,Confirmed,From Contact,17,2020-09-19T14:20:05.213
515,515,2020-08-30T00:00:00.000,Confirmed,Community,19,2020-09-19T14:20:05.213
516,516,2020-08-30T00:00:00.000,Confirmed,From Contact,13,2020-09-19T14:20:05.213
517,517,2020-08-31T00:00:00.000,Confirmed,Community,48,2020-09-19T14:20:05.213
518,518,2020-08-31T00:00:00.000,Confirmed,From Contact,35,2020-09-19T14:20:05.213
519,519,2020-08-31T00:00:00.000,Death,Community,1,2020-09-19T14:20:05.213
520,520,2020-09-01T00:00:00.000,Death,From Contact,1,2020-09-19T14:20:05.213
521,521,2020-09-01T00:00:00.000,Confirmed,Community,41,2020-09-19T14:20:05.213
522,522,2020-09-01T00:00:00.000,Confirmed,From Contact,41,2020-09-19T14:20:05.213
523,523,2020-09-02T00:00:00.000,Confirmed,Community,37,2020-09-19T14:20:05.213
524,524,2020-09-02T00:00:00.000,Confirmed,Unknown,1,2020-09-19T14:20:05.213
525,525,2020-09-02T00:00:00.000,Confirmed,From Contact,44,2020-09-19T14:20:05.213
526,526,2020-09-03T00:00:00.000,Confirmed,Community,49,2020-09-19T14:20:05.213
527,527,2020-09-03T00:00:00.000,Confirmed,From Contact,40,2020-09-19T14:20:05.213
528,528,2020-09-03T00:00:00.000,Death,From Contact,1,2020-09-19T14:20:05.213
529,529,2020-09-04T00:00:00.000,Confirmed,Community,51,2020-09-19T14:20:05.213
530,530,2020-09-04T00:00:00.000,Confirmed,From Contact,24,2020-09-19T14:20:05.213
531,531,2020-09-05T00:00:00.000,Death,Community,1,2020-09-19T14:20:05.213
532,532,2020-09-05T00:00:00.000,Confirmed,From Contact,15,2020-09-19T14:20:05.213
533,533,2020-09-05T00:00:00.000,Confirmed,Community,22,2020-09-19T14:20:05.213
534,534,2020-09-06T00:00:00.000,Confirmed,From Contact,9,2020-09-19T14:20:05.213
535,535,2020-09-06T00:00:00.000,Confirmed,Community,16,2020-09-19T14:20:05.213
536,536,2020-09-07T00:00:00.000,Confirmed,From Contact,9,2020-09-19T14:20:05.213
537,537,2020-09-07T00:00:00.000,Confirmed,Unknown,1,2020-09-19T14:20:05.213
538,538,2020-09-07T00:00:00.000,Death,From Contact,1,2020-09-19T14:20:05.213
539,539,2020-09-07T00:00:00.000,Confirmed,Community,38,2020-09-19T14:20:05.213
540,540,2020-09-08T00:00:00.000,Confirmed,Unknown,2,2020-09-19T14:20:05.213
541,541,2020-09-08T00:00:00.000,Confirmed,Community,39,2020-09-19T14:20:05.213
542,542,2020-09-08T00:00:00.000,Confirmed,From Contact,26,2020-09-19T14:20:05.213
543,543,2020-09-09T00:00:00.000,Confirmed,Community,30,2020-09-19T14:20:05.213
544,544,2020-09-09T00:00:00.000,Confirmed,From Contact,34,2020-09-19T14:20:05.213
545,545,2020-09-09T00:00:00.000,Death,From Contact,1,2020-09-19T14:20:05.213
546,546,2020-09-09T00:00:00.000,Confirmed,Unknown,4,2020-09-19T14:20:05.213
547,547,2020-09-10T00:00:00.000,Confirmed,Unknown,2,2020-09-19T14:20:05.213
548,548,2020-09-10T00:00:00.000,Confirmed,Community,32,2020-09-19T14:20:05.213
549,549,2020-09-10T00:00:00.000,Death,From Contact,1,2020-09-19T14:20:05.213
550,550,2020-09-10T00:00:00.000,Confirmed,From Contact,19,2020-09-19T14:20:05.213
551,551,2020-09-10T00:00:00.000,Death,Community,1,2020-09-19T14:20:05.213
552,552,2020-09-11T00:00:00.000,Confirmed,Unknown,1,2020-09-19T14:20:05.213
553,553,2020-09-11T00:00:00.000,Confirmed,Community,52,2020-09-19T14:20:05.213
554,554,2020-09-11T00:00:00.000,Confirmed,From Contact,37,2020-09-19T14:20:05.213
555,555,2020-09-12T00:00:00.000,Death,From Contact,1,2020-09-19T14:20:05.213
556,556,2020-09-12T00:00:00.000,Confirmed,Community,21,2020-09-19T14:20:05.213
557,557,2020-09-12T00:00:00.000,Confirmed,From Contact,22,2020-09-19T14:20:05.213
558,558,2020-09-12T00:00:00.000,Confirmed,Unknown,1,2020-09-19T14:20:05.213
559,559,2020-09-13T00:00:00.000,Confirmed,Unknown,2,2020-09-19T14:20:05.213
560,560,2020-09-13T00:00:00.000,Confirmed,Community,13,2020-09-19T14:20:05.213
561,561,2020-09-13T00:00:00.000,Confirmed,From Contact,5,2020-09-19T14:20:05.213
562,562,2020-09-14T00:00:00.000,Confirmed,Unknown,10,2020-09-19T14:20:05.213
563,563,2020-09-14T00:00:00.000,Confirmed,From Contact,37,2020-09-19T14:20:05.213
564,564,2020-09-14T00:00:00.000,Confirmed,Community,40,2020-09-19T14:20:05.213
565,565,2020-09-15T00:00:00.000,Confirmed,Unknown,13,2020-09-19T14:20:05.213
566,566,2020-09-15T00:00:00.000,Confirmed,Community,50,2020-09-19T14:20:05.213
567,567,2020-09-15T00:00:00.000,Confirmed,From Contact,17,2020-09-19T14:20:05.213
568,568,2020-09-16T00:00:00.000,Confirmed,Community,27,2020-09-19T14:20:05.213
569,569,2020-09-16T00:00:00.000,Confirmed,Unknown,14,2020-09-19T14:20:05.213
570,570,2020-09-16T00:00:00.000,Confirmed,From Contact,18,2020-09-19T14:20:05.213
571,571,2020-09-17T00:00:00.000,Confirmed,Community,13,2020-09-19T14:20:05.213
572,572,2020-09-17T00:00:00.000,Confirmed,Unknown,11,2020-09-19T14:20:05.213
573,573,2020-09-17T00:00:00.000,Confirmed,From Contact,6,2020-09-19T14:20:05.213
